BranchCity,ForecastPerformance
Murcia,0.9442109081743967
Malaga,0.9212254172665381
Seville,0.8629635935350598
Zaragoza,0.8106121079503347
Valencia,0.7787306246763153
Bilbao,0.7498347567396284
Barcelona,0.6940425856519942
Madrid,0.6707353777395274
