Channel,GrowthRate,ForecastVolume
Branch,16.170943679787765,204.26724263696016
Online,2.2491151333485764,175.95368562530402
Mobile,1.3054453763767895,186.65528310597423
ATM,0.19282113919617114,171.83068825372143
